user_id,activity_date,total_steps,total_distance,total_calories,sedentary_minutes,lightly_active_minutes,fairly_active_minutes,very_active_minutes,total_active_minutes,day_of_week,active_sedentary_ratio,sleep_date,total_sleep_records,minutes_asleep,minutes_in_bed,sleep_efficiency,time_in_bed_hr,avg_daily_steps,overall_consistency_days,activity_segment
1927972279,2016-04-28,1675,1.1599999666214,2351,1167,95,0,0,95,Thursday,0.081405312767780638,2016-04-28,1,166,178,93.258426966292134,2.9666666666666668,916.1290322580644,31,Sedentary
1927972279,2016-04-26,3761,2.59999990463257,2638,1058,192,0,0,192,Tuesday,0.18147448015122875,2016-04-26,1,296,315,93.968253968253961,5.25,916.1290322580644,31,Sedentary
4020332650,2016-04-16,1982,1.41999995708466,3051,1222,55,21,65,141,Saturday,0.11538461538461539,2016-04-16,1,77,77,100.0,1.2833333333333334,2267.2258064516132,31,Sedentary
6775888955,2016-04-13,4053,2.91000008583069,2400,1053,85,18,17,120,Wednesday,0.11396011396011396,2016-04-13,1,235,260,90.384615384615387,4.333333333333333,2519.6923076923076,26,Sedentary
2320127002,2016-04-23,5079,3.42000007629395,1804,1129,242,0,0,242,Saturday,0.21434898139946856,2016-04-23,1,61,69,88.405797101449281,1.15,4716.8709677419356,31,Sedentary
4445114986,2016-04-17,2268,1.51999998092651,1933,1219,114,0,0,114,Sunday,0.093519278096800662,2016-04-17,1,98,107,91.588785046728972,1.7833333333333334,4796.5483870967737,31,Sedentary
4445114986,2016-04-29,4676,3.14000010490417,2196,1106,226,0,0,226,Friday,0.20433996383363473,2016-04-29,1,106,108,98.148148148148152,1.8,4796.5483870967737,31,Sedentary
2026352035,2016-04-17,838,0.519999980926514,1214,1053,60,0,0,60,Sunday,0.056980056980056981,2016-04-17,1,437,498,87.751004016064257,8.3,5566.8709677419365,31,Lightly Active
4319703577,2016-04-21,3702,2.48000001907349,1792,1265,34,0,0,34,Thursday,0.026877470355731226,2016-04-21,1,59,65,90.769230769230774,1.0833333333333333,7268.8387096774195,31,Lightly Active
1644430081,2016-04-29,3176,2.30999994277954,2498,1193,120,0,0,120,Friday,0.10058675607711651,2016-04-29,1,119,127,93.7007874015748,2.1166666666666667,7282.9666666666653,30,Lightly Active
4558609924,2016-04-29,7833,5.17999982833862,1918,1096,197,29,15,241,Friday,0.2198905109489051,2016-04-29,1,171,179,95.530726256983243,2.9833333333333334,7685.1290322580644,31,Fairly Active
4558609924,2016-05-01,3428,2.26999998092651,1692,1121,190,0,0,190,Sunday,0.16949152542372881,2016-05-01,1,115,129,89.147286821705436,2.15,7685.1290322580644,31,Fairly Active
4558609924,2016-04-26,9148,6.05000019073486,2223,1062,283,41,12,336,Tuesday,0.31638418079096048,2016-04-26,1,103,121,85.123966942148769,2.0166666666666666,7685.1290322580644,31,Fairly Active
4558609924,2016-05-08,6543,4.32999992370605,2666,1019,238,35,66,339,Sunday,0.33267909715407262,2016-05-08,1,123,134,91.7910447761194,2.2333333333333334,7685.1290322580644,31,Fairly Active
5577150313,2016-05-05,7550,5.6399998664856,3004,1153,143,21,45,209,Thursday,0.18126626192541198,2016-05-05,1,74,78,94.871794871794862,1.3,8304.4333333333325,30,Fairly Active
4388161847,2016-05-09,10218,7.8600001335144,3013,1020,258,19,6,283,Monday,0.27745098039215688,2016-05-09,1,62,65,95.384615384615387,1.0833333333333333,10813.935483870971,31,Very Active
4388161847,2016-04-18,11009,9.10000038146973,3274,1017,239,8,27,274,Monday,0.26941986234021631,2016-04-18,1,99,104,95.1923076923077,1.7333333333333334,10813.935483870971,31,Very Active
7007744171,2016-04-16,4631,3.09999990463257,2076,1155,203,0,0,203,Saturday,0.17575757575757575,2016-04-16,1,79,82,96.341463414634148,1.3666666666666667,11323.423076923078,26,Very Active
7007744171,2016-05-01,5600,3.75,2225,1142,237,0,0,237,Sunday,0.2075306479859895,2016-05-01,1,58,61,95.081967213114751,1.0166666666666666,11323.423076923078,26,Very Active
8053475328,2016-05-07,19769,15.6700000762939,3331,1076,148,20,121,289,Saturday,0.26858736059479554,2016-05-07,1,74,75,98.666666666666671,1.25,14763.290322580646,31,Very Active
1927972279,2016-05-03,1326,0.920000016689301,2195,1413,17,0,10,27,Tuesday,0.019108280254777069,,,,,,,916.1290322580644,31,Sedentary
1927972279,2016-05-04,1786,1.24000000953674,2338,1353,87,0,0,87,Wednesday,0.064301552106430154,,,,,,,916.1290322580644,31,Sedentary
1927972279,2016-04-24,2090,1.45000004768372,2324,1358,75,6,1,82,Sunday,0.060382916053019146,,,,,,,916.1290322580644,31,Sedentary
1927972279,2016-04-14,2163,1.5,2383,1292,88,9,0,97,Thursday,0.07507739938080496,,,,,,,916.1290322580644,31,Sedentary
1927972279,2016-05-07,1510,1.03999996185303,2229,1392,48,0,0,48,Saturday,0.034482758620689655,,,,,,,916.1290322580644,31,Sedentary
1927972279,2016-05-06,2091,1.45000004768372,2383,1332,108,0,0,108,Friday,0.081081081081081086,,,,,,,916.1290322580644,31,Sedentary
1927972279,2016-05-02,3790,2.61999988555908,2505,1322,94,8,16,118,Monday,0.089258698940998485,,,,,,,916.1290322580644,31,Sedentary
1927972279,2016-05-01,2704,1.87000000476837,2411,1355,70,1,14,85,Sunday,0.06273062730627306,,,,,,,916.1290322580644,31,Sedentary
1927972279,2016-04-23,2945,2.03999996185303,2499,1295,145,0,0,145,Saturday,0.11196911196911197,,,,,,,916.1290322580644,31,Sedentary
8792009665,2016-04-26,1321,0.850000023841858,1928,1360,80,0,0,80,Tuesday,0.058823529411764705,,,,,,,1853.7241379310344,29,Sedentary
4020332650,2016-05-11,3689,2.65000009536743,2645,1296,134,8,2,144,Wednesday,0.1111111111111111,,,,,,,2267.2258064516132,31,Sedentary
4020332650,2016-04-15,1882,1.35000002384186,2951,1299,87,18,36,141,Friday,0.10854503464203233,,,,,,,2267.2258064516132,31,Sedentary
4020332650,2016-05-09,4556,3.26999998092651,2785,1225,173,5,3,181,Monday,0.14775510204081632,,,,,,,2267.2258064516132,31,Sedentary
4020332650,2016-05-07,6132,4.40000009536743,2975,1256,184,0,0,184,Saturday,0.1464968152866242,,,,,,,2267.2258064516132,31,Sedentary
6775888955,2016-04-17,2497,1.78999996185303,2067,1392,19,24,5,48,Sunday,0.034482758620689655,,,,,,,2519.6923076923076,26,Sedentary
6775888955,2016-04-30,2503,1.78999996185303,2280,1344,84,9,3,96,Saturday,0.071428571428571425,,,,,,,2519.6923076923076,26,Sedentary
6775888955,2016-04-16,4732,3.39000010490417,2225,1377,9,18,36,63,Saturday,0.0457516339869281,,,,,,,2519.6923076923076,26,Sedentary
6775888955,2016-05-06,4697,3.36999988555908,2496,1318,75,35,12,122,Friday,0.092564491654021239,,,,,,,2519.6923076923076,26,Sedentary
6775888955,2016-04-22,637,0.46000000834465,1922,1420,20,0,0,20,Friday,0.014084507042253521,,,,,,,2519.6923076923076,26,Sedentary
6775888955,2016-05-01,2487,1.77999997138977,2319,1347,50,34,9,93,Sunday,0.069042316258351888,,,,,,,2519.6923076923076,26,Sedentary
6775888955,2016-04-20,10771,7.71999979019165,3727,1079,178,113,70,361,Wednesday,0.33456904541241889,,,,,,,2519.6923076923076,26,Sedentary
6775888955,2016-04-24,2153,1.53999996185303,2053,1400,11,18,11,40,Sunday,0.028571428571428571,,,,,,,2519.6923076923076,26,Sedentary
6775888955,2016-04-25,6474,4.6399998664856,2484,1302,92,13,33,138,Monday,0.10599078341013825,,,,,,,2519.6923076923076,26,Sedentary
6775888955,2016-04-18,8294,5.94999980926514,2798,1233,146,31,30,207,Monday,0.16788321167883211,,,,,,,2519.6923076923076,26,Sedentary
6775888955,2016-04-28,703,0.5,1993,1410,15,13,2,30,Thursday,0.021276595744680851,,,,,,,2519.6923076923076,26,Sedentary
6775888955,2016-04-26,7091,5.26999998092651,2584,1321,47,30,42,119,Tuesday,0.090083270249810748,,,,,,,2519.6923076923076,26,Sedentary
1844505072,2016-04-29,4920,3.25,1856,1082,247,0,0,247,Friday,0.22828096118299446,,,,,,,2580.0645161290322,31,Sedentary
1844505072,2016-04-23,3570,2.35999989509583,1645,1301,139,0,0,139,Saturday,0.10684089162182936,,,,,,,2580.0645161290322,31,Sedentary
1844505072,2016-04-28,6907,4.57000017166138,1992,1138,302,0,0,302,Thursday,0.26537785588752194,,,,,,,2580.0645161290322,31,Sedentary
1844505072,2016-04-13,4929,3.25999999046326,1860,1192,248,0,0,248,Wednesday,0.20805369127516779,,,,,,,2580.0645161290322,31,Sedentary
1844505072,2016-05-04,2080,1.37000000476837,1549,1353,87,0,0,87,Wednesday,0.064301552106430154,,,,,,,2580.0645161290322,31,Sedentary
1844505072,2016-04-16,3414,2.25999999046326,1657,1293,147,0,0,147,Saturday,0.1136890951276102,,,,,,,2580.0645161290322,31,Sedentary
1844505072,2016-04-17,4525,2.99000000953674,1793,1231,199,8,2,209,Sunday,0.16978066612510154,,,,,,,2580.0645161290322,31,Sedentary
1844505072,2016-04-12,6697,4.42999982833862,2030,1101,339,0,0,339,Tuesday,0.30790190735694822,,,,,,,2580.0645161290322,31,Sedentary
1844505072,2016-04-18,4597,3.03999996185303,1814,1211,217,12,0,229,Monday,0.18909991742361684,,,,,,,2580.0645161290322,31,Sedentary
1844505072,2016-05-05,2237,1.48000001907349,1589,1320,120,0,0,120,Thursday,0.090909090909090912,,,,,,,2580.0645161290322,31,Sedentary
1844505072,2016-04-21,8054,5.32000017166138,2062,1117,308,13,2,323,Thursday,0.28916741271262308,,,,,,,2580.0645161290322,31,Sedentary
1844505072,2016-05-03,4059,2.6800000667572,1742,1256,184,0,0,184,Tuesday,0.1464968152866242,,,,,,,2580.0645161290322,31,Sedentary
1844505072,2016-04-22,5372,3.54999995231628,1827,1220,220,0,0,220,Friday,0.18032786885245902,,,,,,,2580.0645161290322,31,Sedentary
4057192912,2016-04-12,5394,4.03000020980835,2286,1276,164,0,0,164,Tuesday,0.12852664576802508,,,,,,,3838.0,4,Sedentary
4057192912,2016-04-13,5974,4.46999979019165,2306,1280,160,0,0,160,Wednesday,0.125,,,,,,,3838.0,4,Sedentary
2320127002,2016-04-29,924,0.620000004768372,1410,1395,45,0,0,45,Friday,0.032258064516129031,,,,,,,4716.8709677419356,31,Sedentary
2320127002,2016-04-30,4571,3.07999992370605,1779,1206,234,0,0,234,Saturday,0.19402985074626866,,,,,,,4716.8709677419356,31,Sedentary
2320127002,2016-04-22,5583,3.75999999046326,1851,1174,266,0,0,266,Friday,0.22657580919931858,,,,,,,4716.8709677419356,31,Sedentary
2320127002,2016-04-15,5205,3.50999999046326,1801,1195,245,0,0,245,Friday,0.20502092050209206,,,,,,,4716.8709677419356,31,Sedentary
2320127002,2016-04-12,10725,7.48999977111816,2124,1112,306,9,13,328,Tuesday,0.29496402877697842,,,,,,,4716.8709677419356,31,Sedentary
2320127002,2016-04-20,7192,4.84999990463257,1922,1146,283,11,0,294,Wednesday,0.25654450261780104,,,,,,,4716.8709677419356,31,Sedentary
2320127002,2016-04-27,1715,1.1599999666214,1481,1358,82,0,0,82,Wednesday,0.060382916053019146,,,,,,,4716.8709677419356,31,Sedentary
2320127002,2016-05-06,4878,3.28999996185303,1742,1236,204,0,0,204,Friday,0.1650485436893204,,,,,,,4716.8709677419356,31,Sedentary
2320127002,2016-05-09,3090,2.07999992370605,1630,1295,145,0,0,145,Monday,0.11196911196911197,,,,,,,4716.8709677419356,31,Sedentary
2320127002,2016-04-19,5997,4.03999996185303,1811,1201,228,11,0,239,Tuesday,0.19900083263946711,,,,,,,4716.8709677419356,31,Sedentary
2320127002,2016-04-26,3409,2.29999995231628,1632,1293,147,0,0,147,Tuesday,0.1136890951276102,,,,,,,4716.8709677419356,31,Sedentary
2320127002,2016-05-02,3634,2.45000004768372,1613,1306,123,6,5,134,Monday,0.10260336906584992,,,,,,,4716.8709677419356,31,Sedentary
2320127002,2016-05-08,5161,3.48000001907349,1821,1193,247,0,0,247,Sunday,0.20704107292539817,,,,,,,4716.8709677419356,31,Sedentary
2320127002,2016-04-16,5057,3.41000008583069,1724,1245,195,0,0,195,Saturday,0.15662650602409639,,,,,,,4716.8709677419356,31,Sedentary
2320127002,2016-04-21,3404,2.28999996185303,1610,1302,127,10,1,138,Thursday,0.10599078341013825,,,,,,,4716.8709677419356,31,Sedentary
2320127002,2016-04-25,3588,2.42000007629395,1654,1280,152,5,3,160,Monday,0.125,,,,,,,4716.8709677419356,31,Sedentary
2320127002,2016-04-17,6198,4.17999982833862,1852,1191,249,0,0,249,Sunday,0.20906801007556675,,,,,,,4716.8709677419356,31,Sedentary
2320127002,2016-05-11,6424,4.32999992370605,1903,1140,300,0,0,300,Wednesday,0.26315789473684209,,,,,,,4716.8709677419356,31,Sedentary
2320127002,2016-05-03,7443,5.01999998092651,1878,1204,206,10,20,236,Tuesday,0.19601328903654486,,,,,,,4716.8709677419356,31,Sedentary
2320127002,2016-05-04,1201,0.810000002384186,1426,1388,52,0,0,52,Wednesday,0.037463976945244955,,,,,,,4716.8709677419356,31,Sedentary
2320127002,2016-05-07,7379,4.96999979019165,1972,1121,319,0,0,319,Saturday,0.28456735057983945,,,,,,,4716.8709677419356,31,Sedentary
2320127002,2016-04-18,6559,4.42000007629395,1905,1173,260,7,0,267,Monday,0.22762148337595908,,,,,,,4716.8709677419356,31,Sedentary
2320127002,2016-05-10,6227,4.19999980926514,1899,1150,290,0,0,290,Tuesday,0.25217391304347825,,,,,,,4716.8709677419356,31,Sedentary
2320127002,2016-05-05,5202,3.50999999046326,1780,1206,223,11,0,234,Thursday,0.19402985074626866,,,,,,,4716.8709677419356,31,Sedentary
2320127002,2016-04-14,3973,2.6800000667572,1696,1249,191,0,0,191,Thursday,0.15292233787029624,,,,,,,4716.8709677419356,31,Sedentary
2320127002,2016-04-28,1532,1.02999997138977,1473,1364,76,0,0,76,Thursday,0.055718475073313782,,,,,,,4716.8709677419356,31,Sedentary
2320127002,2016-04-13,7275,4.90000009536743,2003,1105,335,0,0,335,Wednesday,0.30316742081447962,,,,,,,4716.8709677419356,31,Sedentary
2320127002,2016-05-01,772,0.519999980926514,1403,1400,40,0,0,40,Sunday,0.028571428571428571,,,,,,,4716.8709677419356,31,Sedentary
2320127002,2016-04-24,4165,2.80999994277954,1725,1236,204,0,0,204,Sunday,0.1650485436893204,,,,,,,4716.8709677419356,31,Sedentary
4445114986,2016-04-23,4363,2.9300000667572,2149,1239,201,0,0,201,Saturday,0.162227602905569,,,,,,,4796.5483870967737,31,Sedentary
4445114986,2016-04-18,6155,4.23999977111816,2248,1247,162,6,25,193,Monday,0.15477145148356056,,,,,,,4796.5483870967737,31,Sedentary
4445114986,2016-04-24,5002,3.35999989509583,2247,1196,244,0,0,244,Sunday,0.20401337792642141,,,,,,,4796.5483870967737,31,Sedentary
2026352035,2016-04-26,5933,3.6800000667572,1595,1018,288,0,0,288,Tuesday,0.28290766208251472,,,,,,,5566.8709677419365,31,Lightly Active
2026352035,2016-04-18,3325,2.05999994277954,1419,1062,182,0,0,182,Monday,0.17137476459510359,,,,,,,5566.8709677419365,31,Lightly Active
6290855005,2016-04-25,7802,5.90000009536743,2771,1180,249,3,8,260,Monday,0.22033898305084745,,,,,,,5649.5517241379321,29,Lightly Active
6290855005,2016-05-02,6781,5.13000011444092,2725,1172,268,0,0,268,Monday,0.22866894197952217,,,,,,,5649.5517241379321,29,Lightly Active
6290855005,2016-04-18,6885,5.21000003814697,2766,1169,271,0,0,271,Monday,0.23182207014542344,,,,,,,5649.5517241379321,29,Lightly Active
6290855005,2016-05-06,6116,4.61999988555908,2806,1135,305,0,0,305,Friday,0.2687224669603524,,,,,,,5649.5517241379321,29,Lightly Active
6290855005,2016-04-24,5896,4.46000003814697,2703,1182,258,0,0,258,Sunday,0.21827411167512689,,,,,,,5649.5517241379321,29,Lightly Active
6290855005,2016-04-22,6238,4.71999979019165,2796,1138,302,0,0,302,Friday,0.26537785588752194,,,,,,,5649.5517241379321,29,Lightly Active
6290855005,2016-05-08,7706,5.82999992370605,2712,1189,251,0,0,251,Sunday,0.2111017661900757,,,,,,,5649.5517241379321,29,Lightly Active
6290855005,2016-04-15,9501,7.17999982833862,2896,1112,328,0,0,328,Friday,0.29496402877697842,,,,,,,5649.5517241379321,29,Lightly Active
6290855005,2016-04-30,6744,5.09999990463257,2843,1116,324,0,0,324,Saturday,0.29032258064516131,,,,,,,5649.5517241379321,29,Lightly Active
6290855005,2016-04-19,7142,5.40000009536743,2839,1119,321,0,0,321,Tuesday,0.28686327077747992,,,,,,,5649.5517241379321,29,Lightly Active
6290855005,2016-04-27,5565,4.21000003814697,2743,1153,287,0,0,287,Wednesday,0.24891587163920209,,,,,,,5649.5517241379321,29,Lightly Active
6290855005,2016-04-16,8301,6.28000020980835,2783,1182,258,0,0,258,Saturday,0.21827411167512689,,,,,,,5649.5517241379321,29,Lightly Active
6290855005,2016-04-14,7671,5.80000019073486,2952,1077,363,0,0,363,Thursday,0.3370473537604457,,,,,,,5649.5517241379321,29,Lightly Active
6290855005,2016-04-20,6361,4.80999994277954,2701,1182,258,0,0,258,Wednesday,0.21827411167512689,,,,,,,5649.5517241379321,29,Lightly Active
6290855005,2016-05-01,9837,7.44000005722046,3327,1055,282,95,8,385,Sunday,0.36492890995260663,,,,,,,5649.5517241379321,29,Lightly Active
6290855005,2016-04-28,5731,4.32999992370605,2687,1185,255,0,0,255,Thursday,0.21518987341772153,,,,,,,5649.5517241379321,29,Lightly Active
6290855005,2016-05-03,6047,4.57000017166138,2671,1200,240,0,0,240,Tuesday,0.2,,,,,,,5649.5517241379321,29,Lightly Active
6290855005,2016-04-17,7851,5.94000005722046,3171,1172,225,12,31,268,Sunday,0.22866894197952217,,,,,,,5649.5517241379321,29,Lightly Active
6290855005,2016-05-04,5832,4.40999984741211,2718,1168,272,0,0,272,Wednesday,0.23287671232876711,,,,,,,5649.5517241379321,29,Lightly Active
6290855005,2016-05-05,6339,4.78999996185303,2682,1201,239,0,0,239,Thursday,0.19900083263946711,,,,,,,5649.5517241379321,29,Lightly Active
6290855005,2016-04-12,4562,3.45000004768372,2560,1241,199,0,0,199,Tuesday,0.16035455278001612,,,,,,,5649.5517241379321,29,Lightly Active
6290855005,2016-05-07,5510,4.17000007629395,2613,1213,227,0,0,227,Saturday,0.18713932399010716,,,,,,,5649.5517241379321,29,Lightly Active
6290855005,2016-04-13,7142,5.40000009536743,2905,1090,350,0,0,350,Wednesday,0.32110091743119268,,,,,,,5649.5517241379321,29,Lightly Active
1624580081,2016-05-08,3427,2.23000001907349,1427,1288,152,0,0,152,Sunday,0.11801242236024845,,,,,,,5743.9032258064517,31,Lightly Active
1624580081,2016-04-13,7007,4.55000019073486,1411,1292,148,0,0,148,Wednesday,0.11455108359133127,,,,,,,5743.9032258064517,31,Lightly Active
1624580081,2016-05-10,2969,1.92999994754791,1393,1301,139,0,0,139,Tuesday,0.10684089162182936,,,,,,,5743.9032258064517,31,Lightly Active
1624580081,2016-04-24,6076,3.95000004768372,1617,1221,185,18,16,219,Sunday,0.17936117936117937,,,,,,,5743.9032258064517,31,Lightly Active
1624580081,2016-04-26,2826,1.8400000333786,1402,1300,140,0,0,140,Tuesday,0.1076923076923077,,,,,,,5743.9032258064517,31,Lightly Active
1624580081,2016-04-16,5370,3.49000000953674,1463,1264,176,0,0,176,Saturday,0.13924050632911392,,,,,,,5743.9032258064517,31,Lightly Active
1624580081,2016-04-19,2916,1.89999997615814,1435,1299,141,0,0,141,Tuesday,0.10854503464203233,,,,,,,5743.9032258064517,31,Lightly Active
1624580081,2016-05-11,3134,2.03999996185303,1359,1328,112,0,0,112,Wednesday,0.084337349397590355,,,,,,,5743.9032258064517,31,Lightly Active
1624580081,2016-05-06,1727,1.12000000476837,1341,1338,102,0,0,102,Friday,0.07623318385650224,,,,,,,5743.9032258064517,31,Lightly Active
1624580081,2016-04-15,1510,0.980000019073486,1344,1344,96,0,0,96,Friday,0.071428571428571425,,,,,,,5743.9032258064517,31,Lightly Active
1624580081,2016-04-17,6175,4.05999994277954,1554,1276,127,22,15,164,Sunday,0.12852664576802508,,,,,,,5743.9032258064517,31,Lightly Active
1624580081,2016-04-30,6474,4.30000019073486,1655,1182,224,23,11,258,Saturday,0.21827411167512689,,,,,,,5743.9032258064517,31,Lightly Active
1624580081,2016-04-23,8538,5.55000019073486,1562,1213,227,0,0,227,Saturday,0.18713932399010716,,,,,,,5743.9032258064517,31,Lightly Active
1624580081,2016-04-28,2759,1.78999996185303,1401,1320,115,5,0,120,Thursday,0.090909090909090912,,,,,,,5743.9032258064517,31,Lightly Active
1624580081,2016-04-29,2390,1.54999995231628,1404,1290,150,0,0,150,Friday,0.11627906976744186,,,,,,,5743.9032258064517,31,Lightly Active
1624580081,2016-04-12,8163,5.30999994277954,1432,1294,146,0,0,146,Tuesday,0.11282843894899536,,,,,,,5743.9032258064517,31,Lightly Active
1624580081,2016-04-20,4974,3.23000001907349,1446,1289,151,0,0,151,Wednesday,0.11714507370054306,,,,,,,5743.9032258064517,31,Lightly Active
1624580081,2016-04-22,4026,2.61999988555908,1470,1241,199,0,0,199,Friday,0.16035455278001612,,,,,,,5743.9032258064517,31,Lightly Active
1624580081,2016-04-27,8367,5.44000005722046,1670,1233,154,36,17,207,Wednesday,0.16788321167883211,,,,,,,5743.9032258064517,31,Lightly Active
1624580081,2016-04-25,6497,4.21999979019165,1492,1238,202,0,0,202,Monday,0.16316639741518579,,,,,,,5743.9032258064517,31,Lightly Active
1624580081,2016-05-02,7155,4.92999982833862,1497,1261,166,6,7,179,Monday,0.14195083267248215,,,,,,,5743.9032258064517,31,Lightly Active
1624580081,2016-05-03,2100,1.37000000476837,1334,1344,96,0,0,96,Tuesday,0.071428571428571425,,,,,,,5743.9032258064517,31,Lightly Active
1624580081,2016-05-05,2470,1.61000001430511,1370,1323,117,0,0,117,Thursday,0.088435374149659865,,,,,,,5743.9032258064517,31,Lightly Active
1624580081,2016-05-09,1732,1.12999999523163,1328,1349,91,0,0,91,Monday,0.067457375833951075,,,,,,,5743.9032258064517,31,Lightly Active
1624580081,2016-05-07,2104,1.37000000476837,1474,1258,182,0,0,182,Saturday,0.14467408585055644,,,,,,,5743.9032258064517,31,Lightly Active
1624580081,2016-04-21,6349,4.13000011444092,1467,1254,186,0,0,186,Thursday,0.14832535885167464,,,,,,,5743.9032258064517,31,Lightly Active
1624580081,2016-04-14,9107,5.92000007629395,1572,1204,236,0,0,236,Thursday,0.19601328903654486,,,,,,,5743.9032258064517,31,Lightly Active
1624580081,2016-05-04,2193,1.42999994754791,1368,1322,118,0,0,118,Wednesday,0.089258698940998485,,,,,,,5743.9032258064517,31,Lightly Active
1624580081,2016-05-01,36019,28.0300006866455,2690,1020,171,63,186,420,Sunday,0.41176470588235292,,,,,,,5743.9032258064517,31,Lightly Active
1624580081,2016-04-18,10536,7.40999984741211,1604,1214,202,7,17,226,Monday,0.18616144975288304,,,,,,,5743.9032258064517,31,Lightly Active
8253242879,2016-04-13,8053,6.09999990463257,1935,1298,96,11,35,142,Wednesday,0.10939907550077041,,,,,,,6482.1578947368434,19,Lightly Active
8253242879,2016-04-12,9033,7.15999984741211,2044,1244,154,2,40,196,Tuesday,0.15755627009646303,,,,,,,6482.1578947368434,19,Lightly Active
8253242879,2016-04-23,9282,6.26000022888184,2132,1193,191,26,30,247,Saturday,0.20704107292539817,,,,,,,6482.1578947368434,19,Lightly Active
8253242879,2016-04-28,2718,1.79999995231628,1580,1393,20,16,11,47,Thursday,0.033740129217516152,,,,,,,6482.1578947368434,19,Lightly Active
8253242879,2016-04-15,2672,1.76999998092651,1632,1335,105,0,0,105,Friday,0.078651685393258425,,,,,,,6482.1578947368434,19,Lightly Active
8253242879,2016-04-14,5234,3.46000003814697,1705,1362,33,16,29,78,Thursday,0.057268722466960353,,,,,,,6482.1578947368434,19,Lightly Active
8253242879,2016-04-27,10232,8.18000030517578,2008,1286,104,5,45,154,Wednesday,0.11975116640746501,,,,,,,6482.1578947368434,19,Lightly Active
8253242879,2016-04-18,5151,3.48000001907349,1829,1278,130,16,16,162,Monday,0.12676056338028169,,,,,,,6482.1578947368434,19,Lightly Active
8253242879,2016-04-25,6829,4.51000022888184,1909,1261,118,54,7,179,Monday,0.14195083267248215,,,,,,,6482.1578947368434,19,Lightly Active
8253242879,2016-04-24,8905,7.13000011444092,1976,1313,82,4,41,127,Sunday,0.096725057121096719,,,,,,,6482.1578947368434,19,Lightly Active
8253242879,2016-04-29,6260,4.26000022888184,1854,1257,136,14,16,166,Friday,0.13206046141607,,,,,,,6482.1578947368434,19,Lightly Active
8253242879,2016-04-21,11268,8.5600004196167,2218,1199,172,20,49,241,Thursday,0.20100083402835697,,,,,,,6482.1578947368434,19,Lightly Active
8253242879,2016-04-20,6466,4.26999998092651,1931,1201,216,18,5,239,Wednesday,0.19900083263946711,,,,,,,6482.1578947368434,19,Lightly Active
8253242879,2016-04-19,4212,2.77999997138977,1763,1276,164,0,0,164,Tuesday,0.12852664576802508,,,,,,,6482.1578947368434,19,Lightly Active
8253242879,2016-04-16,9256,6.1399998664856,1880,1268,115,51,6,172,Saturday,0.13564668769716087,,,,,,,6482.1578947368434,19,Lightly Active
8253242879,2016-04-22,2824,1.87000000476837,1651,1320,120,0,0,120,Friday,0.090909090909090912,,,,,,,6482.1578947368434,19,Lightly Active
8253242879,2016-04-26,4562,3.03999996185303,1813,1299,108,14,19,141,Tuesday,0.10854503464203233,,,,,,,6482.1578947368434,19,Lightly Active
8253242879,2016-04-17,10204,7.90999984741211,2112,1237,157,5,41,203,Sunday,0.16410670978173,,,,,,,6482.1578947368434,19,Lightly Active
3372868164,2016-04-23,7396,5.07000017166138,1995,1115,303,2,20,325,Saturday,0.2914798206278027,,,,,,,6861.65,20,Lightly Active
3372868164,2016-04-16,6905,4.73000001907349,1908,1084,356,0,0,356,Saturday,0.32841328413284132,,,,,,,6861.65,20,Lightly Active
3372868164,2016-04-12,4747,3.24000000953674,1788,1160,280,0,0,280,Tuesday,0.2413793103448276,,,,,,,6861.65,20,Lightly Active
3372868164,2016-04-21,8857,6.07000017166138,2124,1037,376,9,18,403,Thursday,0.38862102217936356,,,,,,,6861.65,20,Lightly Active
3372868164,2016-04-24,6731,4.59000015258789,1921,1127,292,7,14,313,Sunday,0.27772848269742678,,,,,,,6861.65,20,Lightly Active
3372868164,2016-04-29,9135,6.23000001907349,2044,1038,402,0,0,402,Friday,0.38728323699421963,,,,,,,6861.65,20,Lightly Active
3372868164,2016-04-25,5995,4.09000015258789,2010,1024,416,0,0,416,Monday,0.40625,,,,,,,6861.65,20,Lightly Active
3372868164,2016-04-18,6798,4.6399998664856,2014,1070,343,7,20,370,Monday,0.34579439252336447,,,,,,,6861.65,20,Lightly Active
3372868164,2016-04-30,5250,3.57999992370605,1946,1119,300,4,17,321,Saturday,0.28686327077747992,,,,,,,6861.65,20,Lightly Active
3372868164,2016-04-15,7451,5.07999992370605,1908,1105,335,0,0,335,Friday,0.30316742081447962,,,,,,,6861.65,20,Lightly Active
3372868164,2016-04-13,9715,6.63000011444092,2093,1045,371,8,16,395,Wednesday,0.37799043062200954,,,,,,,6861.65,20,Lightly Active
3372868164,2016-04-17,8199,5.88000011444092,1964,1105,322,2,11,335,Sunday,0.30316742081447962,,,,,,,6861.65,20,Lightly Active
3372868164,2016-04-14,8844,6.03000020980835,2065,1039,370,25,6,401,Thursday,0.38594802694898939,,,,,,,6861.65,20,Lightly Active
3372868164,2016-04-28,5512,3.75999999046326,1972,1055,385,0,0,385,Thursday,0.36492890995260663,,,,,,,6861.65,20,Lightly Active
3372868164,2016-04-26,8283,5.78999996185303,2057,1083,333,2,22,357,Tuesday,0.32963988919667592,,,,,,,6861.65,20,Lightly Active
3372868164,2016-04-20,4880,3.32999992370605,1867,1148,274,3,15,292,Wednesday,0.25435540069686413,,,,,,,6861.65,20,Lightly Active
3372868164,2016-04-22,3843,2.61999988555908,1669,1234,206,0,0,206,Friday,0.16693679092382496,,,,,,,6861.65,20,Lightly Active
3372868164,2016-04-19,7711,5.26000022888184,1985,1064,376,0,0,376,Tuesday,0.35338345864661652,,,,,,,6861.65,20,Lightly Active
3372868164,2016-04-27,7904,5.42000007629395,2095,1057,346,13,24,383,Wednesday,0.36234626300851469,,,,,,,6861.65,20,Lightly Active
6117666160,2016-04-30,6987,5.28000020980835,2275,1040,343,0,0,343,Saturday,0.3298076923076923,,,,,,,7046.7142857142862,28,Lightly Active
6117666160,2016-05-02,4933,3.73000001907349,2044,1204,236,0,0,236,Monday,0.19601328903654486,,,,,,,7046.7142857142862,28,Lightly Active
6117666160,2016-05-04,2997,2.25999999046326,1902,1279,156,0,0,156,Wednesday,0.12197028928850664,,,,,,,7046.7142857142862,28,Lightly Active
6117666160,2016-04-26,9543,7.21000003814697,2450,1077,352,7,0,359,Tuesday,0.33333333333333331,,,,,,,7046.7142857142862,28,Lightly Active
8583815059,2016-04-17,3008,2.34999990463257,2439,1440,0,0,0,0,Sunday,0.0,,,,,,,7198.5161290322585,31,Lightly Active
8583815059,2016-04-25,4503,3.50999999046326,2547,1294,122,6,18,146,Monday,0.11282843894899536,,,,,,,7198.5161290322585,31,Lightly Active
8583815059,2016-05-08,9217,7.19000005722046,2940,1183,182,72,3,257,Sunday,0.21724429416737109,,,,,,,7198.5161290322585,31,Lightly Active
8583815059,2016-04-23,9423,7.34999990463257,3012,1151,238,44,7,289,Saturday,0.2510860121633362,,,,,,,7198.5161290322585,31,Lightly Active
8583815059,2016-04-29,15168,11.8299999237061,3513,1069,258,67,46,371,Friday,0.34705332086061741,,,,,,,7198.5161290322585,31,Lightly Active
8583815059,2016-05-05,12427,9.6899995803833,3266,1370,70,0,0,70,Thursday,0.051094890510948905,,,,,,,7198.5161290322585,31,Lightly Active
8583815059,2016-04-28,6174,4.82000017166138,2757,1209,203,28,0,231,Thursday,0.19106699751861042,,,,,,,7198.5161290322585,31,Lightly Active
8583815059,2016-04-30,10085,7.86999988555908,3164,1093,317,28,2,347,Saturday,0.31747483989021041,,,,,,,7198.5161290322585,31,Lightly Active
8583815059,2016-05-07,6117,4.76999998092651,2810,1190,250,0,0,250,Saturday,0.21008403361344538,,,,,,,7198.5161290322585,31,Lightly Active
8583815059,2016-05-06,5843,4.55999994277954,2683,1250,166,22,2,190,Friday,0.152,,,,,,,7198.5161290322585,31,Lightly Active
8583815059,2016-05-03,12015,9.36999988555908,3212,1440,0,0,0,0,Tuesday,0.0,,,,,,,7198.5161290322585,31,Lightly Active
8583815059,2016-05-01,4512,3.51999998092651,2596,1311,117,2,10,129,Sunday,0.098398169336384442,,,,,,,7198.5161290322585,31,Lightly Active
8583815059,2016-04-16,5319,4.15000009536743,2693,1440,0,0,0,0,Saturday,0.0,,,,,,,7198.5161290322585,31,Lightly Active
8583815059,2016-05-02,8469,6.6100001335144,2894,1440,0,0,0,0,Monday,0.0,,,,,,,7198.5161290322585,31,Lightly Active
8583815059,2016-04-27,12474,9.72999954223633,3142,1229,129,5,77,211,Wednesday,0.17168429617575265,,,,,,,7198.5161290322585,31,Lightly Active
8583815059,2016-05-09,9877,7.69999980926514,2947,1260,110,4,66,180,Monday,0.14285714285714285,,,,,,,7198.5161290322585,31,Lightly Active
8583815059,2016-05-10,8240,6.42999982833862,2846,1226,162,43,9,214,Tuesday,0.17455138662316477,,,,,,,7198.5161290322585,31,Lightly Active
8583815059,2016-04-13,5571,4.34999990463257,2654,1252,163,23,2,188,Wednesday,0.15015974440894569,,,,,,,7198.5161290322585,31,Lightly Active
8583815059,2016-04-14,3135,2.45000004768372,2443,1306,134,0,0,134,Thursday,0.10260336906584992,,,,,,,7198.5161290322585,31,Lightly Active
8583815059,2016-04-24,8286,6.46000003814697,2889,1188,206,44,2,252,Sunday,0.21212121212121213,,,,,,,7198.5161290322585,31,Lightly Active
8583815059,2016-04-20,5273,4.1100001335144,2647,1246,167,27,0,194,Wednesday,0.15569823434991975,,,,,,,7198.5161290322585,31,Lightly Active
8583815059,2016-04-26,10499,8.1899995803833,3093,1134,214,91,1,306,Tuesday,0.26984126984126983,,,,,,,7198.5161290322585,31,Lightly Active
8583815059,2016-05-11,8701,6.78999996185303,2804,1106,177,71,5,253,Wednesday,0.22875226039783003,,,,,,,7198.5161290322585,31,Lightly Active
8583815059,2016-04-18,3864,3.00999999046326,2536,1309,105,22,4,131,Monday,0.10007639419404125,,,,,,,7198.5161290322585,31,Lightly Active
8583815059,2016-04-21,8538,6.65999984741211,2883,1229,158,18,35,211,Thursday,0.17168429617575265,,,,,,,7198.5161290322585,31,Lightly Active
8583815059,2016-04-22,8687,6.78000020980835,2944,1170,212,54,4,270,Friday,0.23076923076923078,,,,,,,7198.5161290322585,31,Lightly Active
8583815059,2016-05-04,3588,2.79999995231628,2516,1440,0,0,0,0,Wednesday,0.0,,,,,,,7198.5161290322585,31,Lightly Active
8583815059,2016-04-12,5014,3.91000008583069,2650,1237,196,7,0,203,Tuesday,0.16410670978173,,,,,,,7198.5161290322585,31,Lightly Active
8583815059,2016-04-19,5697,4.44000005722046,2668,1257,166,10,7,183,Tuesday,0.14558472553699284,,,,,,,7198.5161290322585,31,Lightly Active
8583815059,2016-04-15,3430,2.6800000667572,2505,1375,65,0,0,65,Friday,0.047272727272727272,,,,,,,7198.5161290322585,31,Lightly Active
4319703577,2016-04-12,7753,5.19999980926514,2115,1440,0,0,0,0,Tuesday,0.0,,,,,,,7268.8387096774195,31,Lightly Active
4319703577,2016-04-13,8204,5.5,2135,1234,96,15,8,119,Wednesday,0.096434359805510531,,,,,,,7268.8387096774195,31,Lightly Active
4319703577,2016-05-04,10429,7.01999998092651,2282,1106,313,13,8,334,Wednesday,0.30198915009041594,,,,,,,7268.8387096774195,31,Lightly Active
1644430081,2016-04-21,1223,0.889999985694885,2140,1402,38,0,0,38,Thursday,0.02710413694721826,,,,,,,7282.9666666666653,30,Lightly Active
1644430081,2016-05-04,2309,1.67999994754791,2222,1388,52,0,0,52,Wednesday,0.037463976945244955,,,,,,,7282.9666666666653,30,Lightly Active
1644430081,2016-04-24,3321,2.41000008583069,2413,1351,89,0,0,89,Sunday,0.065877128053293862,,,,,,,7282.9666666666653,30,Lightly Active
1644430081,2016-04-20,2436,1.76999998092651,2430,1315,125,0,0,125,Wednesday,0.095057034220532313,,,,,,,7282.9666666666653,30,Lightly Active
1644430081,2016-04-14,11037,8.02000045776367,3226,1125,252,58,5,315,Thursday,0.28,,,,,,,7282.9666666666653,30,Lightly Active
1644430081,2016-04-23,6637,4.82999992370605,2677,1265,160,15,0,175,Saturday,0.13833992094861661,,,,,,,7282.9666666666653,30,Lightly Active
1644430081,2016-04-25,3580,2.59999990463257,2497,1337,94,1,8,103,Monday,0.07703814510097233,,,,,,,7282.9666666666653,30,Lightly Active
1644430081,2016-05-07,13372,9.72000026702881,3404,1139,243,17,41,301,Saturday,0.26426690079016679,,,,,,,7282.9666666666653,30,Lightly Active
1644430081,2016-05-06,9787,7.11999988555908,3328,1054,369,6,11,386,Friday,0.36622390891840606,,,,,,,7282.9666666666653,30,Lightly Active
1644430081,2016-04-28,9405,6.84000015258789,3108,1157,227,53,3,283,Thursday,0.24459809853068279,,,,,,,7282.9666666666653,30,Lightly Active
1644430081,2016-04-13,8001,5.82000017166138,2902,1259,135,16,30,181,Wednesday,0.1437648927720413,,,,,,,7282.9666666666653,30,Lightly Active
1644430081,2016-04-17,8757,6.36999988555908,3011,1212,186,13,29,228,Sunday,0.18811881188118812,,,,,,,7282.9666666666653,30,Lightly Active
1644430081,2016-05-09,6643,4.82999992370605,3008,1099,303,6,32,341,Monday,0.31028207461328483,,,,,,,7282.9666666666653,30,Lightly Active
1644430081,2016-05-10,9167,6.65999984741211,2799,1254,155,19,12,186,Tuesday,0.14832535885167464,,,,,,,7282.9666666666653,30,Lightly Active
1644430081,2016-04-27,3032,2.20000004768372,2489,1322,118,0,0,118,Wednesday,0.089258698940998485,,,,,,,7282.9666666666653,30,Lightly Active
1644430081,2016-05-03,12850,9.34000015258789,3324,1115,221,94,10,325,Tuesday,0.2914798206278027,,,,,,,7282.9666666666653,30,Lightly Active
1644430081,2016-04-12,10694,7.76999998092651,3199,1131,256,51,2,309,Tuesday,0.27320954907161804,,,,,,,7282.9666666666653,30,Lightly Active
1644430081,2016-04-22,3673,2.67000007629395,2344,1354,86,0,0,86,Friday,0.063515509601181686,,,,,,,7282.9666666666653,30,Lightly Active
1644430081,2016-04-15,5263,3.82999992370605,2750,1263,170,4,3,177,Friday,0.14014251781472684,,,,,,,7282.9666666666653,30,Lightly Active
1644430081,2016-05-05,4363,3.19000005722046,2463,1341,81,12,6,99,Thursday,0.0738255033557047,,,,,,,7282.9666666666653,30,Lightly Active
1644430081,2016-04-16,15300,11.1199998855591,3493,1135,212,42,51,305,Saturday,0.2687224669603524,,,,,,,7282.9666666666653,30,Lightly Active
1644430081,2016-04-18,7132,5.19000005722046,2806,1271,121,33,15,169,Monday,0.13296616837136113,,,,,,,7282.9666666666653,30,Lightly Active
1644430081,2016-04-26,9919,7.21000003814697,3123,1165,223,41,11,275,Tuesday,0.23605150214592274,,,,,,,7282.9666666666653,30,Lightly Active
1644430081,2016-04-19,11256,8.18000030517578,3300,1099,278,58,5,341,Tuesday,0.31028207461328483,,,,,,,7282.9666666666653,30,Lightly Active
2873212765,2016-04-29,7365,4.94999980926514,1780,1191,206,23,20,249,Friday,0.20906801007556675,,,,,,,7555.7741935483864,31,Fairly Active
2873212765,2016-04-30,8452,5.67999982833862,1830,1167,248,20,5,273,Saturday,0.23393316195372751,,,,,,,7555.7741935483864,31,Fairly Active
2873212765,2016-04-26,8242,5.53999996185303,1882,1124,309,5,2,316,Tuesday,0.28113879003558717,,,,,,,7555.7741935483864,31,Fairly Active
2873212765,2016-05-10,8275,5.55999994277954,1962,1067,373,0,0,373,Tuesday,0.34957825679475163,,,,,,,7555.7741935483864,31,Fairly Active
2873212765,2016-04-16,9685,6.65000009536743,2148,1087,305,1,47,353,Saturday,0.32474701011959523,,,,,,,7555.7741935483864,31,Fairly Active
2873212765,2016-04-23,9317,6.34999990463257,2021,1077,330,5,28,363,Saturday,0.3370473537604457,,,,,,,7555.7741935483864,31,Fairly Active
2873212765,2016-04-13,7618,5.11999988555908,2004,1028,404,8,0,412,Wednesday,0.40077821011673154,,,,,,,7555.7741935483864,31,Fairly Active
2873212765,2016-04-28,7913,5.40999984741211,1835,1192,213,7,28,248,Thursday,0.20805369127516779,,,,,,,7555.7741935483864,31,Fairly Active
2873212765,2016-05-08,8168,5.53999996185303,2096,1068,326,0,46,372,Sunday,0.34831460674157305,,,,,,,7555.7741935483864,31,Fairly Active
2873212765,2016-04-21,8859,5.98000001907349,1970,1057,371,10,2,383,Thursday,0.36234626300851469,,,,,,,7555.7741935483864,31,Fairly Active
2873212765,2016-04-27,3516,2.35999989509583,1966,1197,197,0,46,243,Wednesday,0.20300751879699247,,,,,,,7555.7741935483864,31,Fairly Active
2873212765,2016-04-22,7286,4.90000009536743,2241,1028,366,0,46,412,Friday,0.40077821011673154,,,,,,,7555.7741935483864,31,Fairly Active
2873212765,2016-04-19,7948,5.36999988555908,1956,1051,389,0,0,389,Tuesday,0.37012369172216936,,,,,,,7555.7741935483864,31,Fairly Active
2873212765,2016-04-18,7762,5.23999977111816,1890,1122,311,6,1,318,Monday,0.28342245989304815,,,,,,,7555.7741935483864,31,Fairly Active
2873212765,2016-05-09,7726,5.19000005722046,1906,1095,345,0,0,345,Monday,0.31506849315068491,,,,,,,7555.7741935483864,31,Fairly Active
2873212765,2016-05-01,7399,4.96999979019165,1739,1219,196,18,7,221,Sunday,0.18129614438063987,,,,,,,7555.7741935483864,31,Fairly Active
2873212765,2016-05-02,7525,5.05999994277954,1878,1099,334,7,0,341,Monday,0.31028207461328483,,,,,,,7555.7741935483864,31,Fairly Active
2873212765,2016-05-07,4940,3.38000011444092,1897,1302,52,11,75,138,Saturday,0.10599078341013825,,,,,,,7555.7741935483864,31,Fairly Active
2873212765,2016-04-24,6873,4.67999982833862,1898,1203,190,1,46,237,Sunday,0.1970074812967581,,,,,,,7555.7741935483864,31,Fairly Active
2873212765,2016-05-04,8278,5.55999994277954,2015,1020,420,0,0,420,Wednesday,0.41176470588235292,,,,,,,7555.7741935483864,31,Fairly Active
2873212765,2016-04-25,7373,4.94999980926514,1907,1081,359,0,0,359,Monday,0.33209990749306195,,,,,,,7555.7741935483864,31,Fairly Active
2873212765,2016-04-12,8796,5.90999984741211,1982,1061,356,21,2,379,Tuesday,0.35721017907634306,,,,,,,7555.7741935483864,31,Fairly Active
2873212765,2016-04-17,2524,1.70000004768372,1529,1272,160,8,0,168,Sunday,0.13207547169811321,,,,,,,7555.7741935483864,31,Fairly Active
2873212765,2016-05-05,8314,5.6100001335144,1971,1093,311,23,13,347,Thursday,0.31747483989021041,,,,,,,7555.7741935483864,31,Fairly Active
2873212765,2016-05-11,6440,4.32999992370605,1826,1121,319,0,0,319,Wednesday,0.28456735057983945,,,,,,,7555.7741935483864,31,Fairly Active
2873212765,2016-05-06,7063,4.75,1910,1065,370,5,0,375,Friday,0.352112676056338,,,,,,,7555.7741935483864,31,Fairly Active
2873212765,2016-04-14,7910,5.32000017166138,1893,1109,331,0,0,331,Thursday,0.29846708746618578,,,,,,,7555.7741935483864,31,Fairly Active
2873212765,2016-05-03,7412,4.98000001907349,1906,1070,363,6,1,370,Tuesday,0.34579439252336447,,,,,,,7555.7741935483864,31,Fairly Active
2873212765,2016-04-20,9202,6.30000019073486,2094,1035,378,5,22,405,Wednesday,0.391304347826087,,,,,,,7555.7741935483864,31,Fairly Active
4558609924,2016-05-11,9108,6.01999998092651,2131,1081,324,31,4,359,Wednesday,0.33209990749306195,,,,,,,7685.1290322580644,31,Fairly Active
4558609924,2016-05-07,8237,5.44000005722046,1973,1116,233,16,23,272,Saturday,0.24372759856630824,,,,,,,7685.1290322580644,31,Fairly Active
4558609924,2016-05-09,11451,7.57000017166138,2223,1065,339,30,6,375,Monday,0.352112676056338,,,,,,,7685.1290322580644,31,Fairly Active
4558609924,2016-05-03,5267,3.48000001907349,1953,1172,237,10,21,268,Tuesday,0.22866894197952217,,,,,,,7685.1290322580644,31,Fairly Active
4558609924,2016-04-12,5135,3.39000010490417,1909,1122,318,0,0,318,Tuesday,0.28342245989304815,,,,,,,7685.1290322580644,31,Fairly Active
4558609924,2016-05-04,5232,3.46000003814697,1842,1188,252,0,0,252,Wednesday,0.21212121212121213,,,,,,,7685.1290322580644,31,Fairly Active
4558609924,2016-04-18,8940,5.90999984741211,2116,1080,331,15,14,360,Monday,0.33333333333333331,,,,,,,7685.1290322580644,31,Fairly Active
4558609924,2016-04-16,7289,4.82000017166138,1997,1112,308,12,8,328,Saturday,0.29496402877697842,,,,,,,7685.1290322580644,31,Fairly Active
4558609924,2016-04-20,4803,3.17000007629395,1788,1218,222,0,0,222,Wednesday,0.18226600985221675,,,,,,,7685.1290322580644,31,Fairly Active
4558609924,2016-04-15,7795,5.15000009536743,2121,1131,262,30,17,309,Friday,0.27320954907161804,,,,,,,7685.1290322580644,31,Fairly Active
4558609924,2016-04-27,9557,6.32000017166138,2098,1087,312,14,27,353,Wednesday,0.32474701011959523,,,,,,,7685.1290322580644,31,Fairly Active
4558609924,2016-04-13,4978,3.28999996185303,1722,1287,127,7,19,153,Wednesday,0.11888111888111888,,,,,,,7685.1290322580644,31,Fairly Active
4558609924,2016-04-17,9634,6.40000009536743,2117,1110,304,19,7,330,Sunday,0.29729729729729731,,,,,,,7685.1290322580644,31,Fairly Active
4558609924,2016-04-24,8563,5.65999984741211,2173,1045,395,0,0,395,Sunday,0.37799043062200954,,,,,,,7685.1290322580644,31,Fairly Active
4558609924,2016-05-02,7891,5.21999979019165,2066,1057,383,0,0,383,Monday,0.36234626300851469,,,,,,,7685.1290322580644,31,Fairly Active
4558609924,2016-04-14,6799,4.48999977111816,1922,1161,279,0,0,279,Thursday,0.24031007751937986,,,,,,,7685.1290322580644,31,Fairly Active
4558609924,2016-05-05,10611,7.01000022888184,2262,1048,370,8,14,392,Thursday,0.37404580152671757,,,,,,,7685.1290322580644,31,Fairly Active
4558609924,2016-04-30,10319,6.82000017166138,2105,1111,293,29,7,329,Saturday,0.29612961296129614,,,,,,,7685.1290322580644,31,Fairly Active
4558609924,2016-04-22,9601,6.34999990463257,2094,1122,273,25,20,318,Friday,0.28342245989304815,,,,,,,7685.1290322580644,31,Fairly Active
4558609924,2016-05-10,6435,4.25,1889,1191,220,18,11,249,Tuesday,0.20906801007556675,,,,,,,7685.1290322580644,31,Fairly Active
4558609924,2016-05-06,3755,2.48000001907349,1722,1238,202,0,0,202,Friday,0.16316639741518579,,,,,,,7685.1290322580644,31,Fairly Active
4558609924,2016-04-19,5401,3.5699999332428,1876,1182,248,9,1,258,Tuesday,0.21827411167512689,,,,,,,7685.1290322580644,31,Fairly Active
4558609924,2016-04-23,6890,4.55000019073486,2085,1122,308,5,5,318,Saturday,0.28342245989304815,,,,,,,7685.1290322580644,31,Fairly Active
5577150313,2016-05-09,3421,2.55999994277954,2489,1099,70,11,34,115,Monday,0.10464058234758872,,,,,,,8304.4333333333325,30,Fairly Active
5577150313,2016-05-06,4950,3.70000004768372,2643,1304,79,16,41,136,Friday,0.10429447852760736,,,,,,,8304.4333333333325,30,Fairly Active
4702921684,2016-05-02,7245,5.92000007629395,2859,1131,195,40,5,240,Monday,0.21220159151193635,,,,,,,8572.0645161290322,31,Fairly Active
4702921684,2016-05-08,12857,10.4300003051758,3287,1019,192,125,9,326,Sunday,0.31992149165848871,,,,,,,8572.0645161290322,31,Fairly Active
4702921684,2016-04-22,1664,1.35000002384186,2241,1341,72,0,0,72,Friday,0.053691275167785234,,,,,,,8572.0645161290322,31,Fairly Active
7086361926,2016-05-05,8564,5.59999990463257,2386,1253,149,14,24,187,Thursday,0.14924181963288108,,,,,,,9371.7741935483882,31,Fairly Active
7086361926,2016-04-18,9827,6.71000003814697,2743,1136,114,51,61,226,Monday,0.198943661971831,,,,,,,9371.7741935483882,31,Fairly Active
7086361926,2016-05-10,14433,10.789999961853,2800,1182,106,23,72,201,Tuesday,0.17005076142131981,,,,,,,9371.7741935483882,31,Fairly Active
7086361926,2016-04-23,2817,1.80999994277954,1965,1350,90,0,0,90,Saturday,0.066666666666666666,,,,,,,9371.7741935483882,31,Fairly Active
7086361926,2016-04-29,7881,4.94999980926514,2616,1198,182,36,24,242,Friday,0.2020033388981636,,,,,,,9371.7741935483882,31,Fairly Active
2347167796,2016-04-20,10999,7.26999998092651,2198,1011,269,43,11,323,Wednesday,0.31948565776458954,,,,,,,9519.6666666666679,18,Fairly Active
4388161847,2016-04-13,10993,8.44999980926514,3092,1275,150,14,1,165,Wednesday,0.12941176470588237,,,,,,,10813.935483870971,31,Very Active
4388161847,2016-05-06,13175,10.1300001144409,3425,1100,262,45,33,340,Friday,0.30909090909090908,,,,,,,10813.935483870971,31,Very Active
4388161847,2016-04-12,10122,7.78000020980835,2955,1440,0,0,0,0,Tuesday,0.0,,,,,,,10813.935483870971,31,Very Active
4388161847,2016-04-25,12961,9.97000026702881,3288,1054,301,31,11,343,Monday,0.325426944971537,,,,,,,10813.935483870971,31,Very Active
4388161847,2016-04-29,9232,7.09999990463257,2979,1175,236,16,13,265,Friday,0.225531914893617,,,,,,,10813.935483870971,31,Very Active
3977333714,2016-05-09,14687,10.0799999237061,1667,1159,151,122,8,281,Monday,0.24245038826574633,,,,,,,10984.566666666666,30,Very Active
7007744171,2016-04-30,3761,2.51999998092651,2051,1240,200,0,0,200,Saturday,0.16129032258064516,,,,,,,11323.423076923078,26,Very Active
7007744171,2016-05-03,14510,10.8699998855591,2976,1021,330,31,58,419,Tuesday,0.41038197845249758,,,,,,,11323.423076923078,26,Very Active
7007744171,2016-04-22,15299,10.2399997711182,2889,1065,261,50,64,375,Friday,0.352112676056338,,,,,,,11323.423076923078,26,Very Active
7007744171,2016-05-02,13041,9.18000030517578,2642,1112,250,14,64,328,Monday,0.29496402877697842,,,,,,,11323.423076923078,26,Very Active
7007744171,2016-04-15,5273,3.52999997138977,2098,1238,202,0,0,202,Friday,0.16316639741518579,,,,,,,11323.423076923078,26,Very Active
7007744171,2016-04-13,12862,9.64999961853027,2742,1101,261,22,56,339,Wednesday,0.30790190735694822,,,,,,,11323.423076923078,26,Very Active
7007744171,2016-05-05,15010,11.1000003814697,2933,1047,317,23,53,393,Thursday,0.37535816618911177,,,,,,,11323.423076923078,26,Very Active
7007744171,2016-04-12,14172,10.289999961853,2937,1024,355,8,53,416,Tuesday,0.40625,,,,,,,11323.423076923078,26,Very Active
7007744171,2016-04-19,14194,10.4799995422363,2812,1066,304,17,53,374,Tuesday,0.350844277673546,,,,,,,11323.423076923078,26,Very Active
7007744171,2016-04-14,11179,8.23999977111816,2668,1096,304,6,34,344,Thursday,0.31386861313868614,,,,,,,11323.423076923078,26,Very Active
7007744171,2016-04-28,15128,10.1199998855591,2836,1007,401,16,16,433,Thursday,0.42999006951340618,,,,,,,11323.423076923078,26,Very Active
7007744171,2016-05-06,11459,7.67000007629395,2553,1136,247,13,44,304,Friday,0.26760563380281688,,,,,,,11323.423076923078,26,Very Active
7007744171,2016-04-17,8059,5.3899998664856,2383,1135,305,0,0,305,Sunday,0.2687224669603524,,,,,,,11323.423076923078,26,Very Active
7007744171,2016-04-24,11085,7.42000007629395,2667,1021,419,0,0,419,Sunday,0.41038197845249758,,,,,,,11323.423076923078,26,Very Active
7007744171,2016-04-23,8093,5.40999984741211,2284,1190,223,25,2,250,Saturday,0.21008403361344538,,,,,,,11323.423076923078,26,Very Active
7007744171,2016-04-21,13744,9.1899995803833,2763,1049,327,34,30,391,Thursday,0.37273593898951385,,,,,,,11323.423076923078,26,Very Active
7007744171,2016-04-27,13541,10.2200002670288,2830,1041,337,12,50,399,Wednesday,0.38328530259365995,,,,,,,11323.423076923078,26,Very Active
7007744171,2016-04-18,14816,10.9799995422363,2832,1077,284,31,48,363,Monday,0.3370473537604457,,,,,,,11323.423076923078,26,Very Active
7007744171,2016-04-20,15566,11.3100004196167,3096,1000,347,33,60,440,Wednesday,0.44,,,,,,,11323.423076923078,26,Very Active
2022484408,2016-04-22,12954,9.32999992370605,2638,1105,273,10,52,335,Friday,0.30316742081447962,,,,,,,11370.645161290322,31,Very Active
2022484408,2016-04-28,10140,7.11999988555908,2296,1123,291,20,6,317,Thursday,0.28227960819234194,,,,,,,11370.645161290322,31,Very Active
2022484408,2016-05-03,12183,8.73999977111816,2752,1104,250,14,72,336,Tuesday,0.30434782608695654,,,,,,,11370.645161290322,31,Very Active
2022484408,2016-04-14,10690,7.5,2312,1148,257,3,32,292,Thursday,0.25435540069686413,,,,,,,11370.645161290322,31,Very Active
2022484408,2016-04-26,10119,7.19000005722046,2793,1086,275,24,55,354,Tuesday,0.32596685082872928,,,,,,,11370.645161290322,31,Very Active
2022484408,2016-04-29,10245,7.19000005722046,2611,1098,281,40,21,342,Friday,0.31147540983606559,,,,,,,11370.645161290322,31,Very Active
2022484408,2016-04-18,14131,10.0699996948242,2770,1078,311,3,48,362,Monday,0.3358070500927644,,,,,,,11370.645161290322,31,Very Active
2022484408,2016-05-01,10538,7.40000009536743,2380,1142,245,28,25,298,Sunday,0.26094570928196148,,,,,,,11370.645161290322,31,Very Active
2022484408,2016-04-16,10100,7.09000015258789,2177,1237,151,11,41,203,Saturday,0.16410670978173,,,,,,,11370.645161290322,31,Very Active
2022484408,2016-04-19,11548,8.52999973297119,2489,1152,250,7,31,288,Tuesday,0.25,,,,,,,11370.645161290322,31,Very Active
2022484408,2016-05-08,3292,2.30999994277954,1848,1305,135,0,0,135,Sunday,0.10344827586206896,,,,,,,11370.645161290322,31,Very Active
2022484408,2016-04-25,11369,8.01000022888184,2470,1171,217,8,44,269,Monday,0.22971818958155424,,,,,,,11370.645161290322,31,Very Active
2022484408,2016-04-24,13481,10.2799997329712,2529,1161,216,26,37,279,Sunday,0.24031007751937986,,,,,,,11370.645161290322,31,Very Active
2022484408,2016-04-12,11875,8.34000015258789,2390,1157,227,14,42,283,Tuesday,0.24459809853068279,,,,,,,11370.645161290322,31,Very Active
2022484408,2016-05-09,13379,9.39000034332275,2709,1061,297,47,35,379,Monday,0.35721017907634306,,,,,,,11370.645161290322,31,Very Active
2022484408,2016-05-10,12798,8.97999954223633,2797,1084,271,28,57,356,Tuesday,0.32841328413284132,,,,,,,11370.645161290322,31,Very Active
2022484408,2016-05-02,10379,7.28999996185303,2473,1119,277,8,36,321,Monday,0.28686327077747992,,,,,,,11370.645161290322,31,Very Active
2022484408,2016-05-05,11895,8.35000038146973,2609,1112,253,20,55,328,Thursday,0.29496402877697842,,,,,,,11370.645161290322,31,Very Active
2022484408,2016-04-17,15112,11.3999996185303,2782,1052,331,29,28,388,Sunday,0.36882129277566539,,,,,,,11370.645161290322,31,Very Active
2022484408,2016-04-21,12453,8.73999977111816,3158,1028,255,53,104,412,Thursday,0.40077821011673154,,,,,,,11370.645161290322,31,Very Active
2022484408,2016-04-20,15112,10.6700000762939,2897,1053,276,63,48,387,Wednesday,0.36752136752136755,,,,,,,11370.645161290322,31,Very Active
2022484408,2016-05-04,11768,8.28999996185303,2649,1105,272,27,36,335,Wednesday,0.30316742081447962,,,,,,,11370.645161290322,31,Very Active
2022484408,2016-05-07,6708,4.71000003814697,1995,1269,149,2,20,171,Saturday,0.13475177304964539,,,,,,,11370.645161290322,31,Very Active
2022484408,2016-04-23,6001,4.21000003814697,2069,1191,249,0,0,249,Saturday,0.20906801007556675,,,,,,,11370.645161290322,31,Very Active
2022484408,2016-04-27,10159,7.13000011444092,2463,1119,282,20,19,321,Wednesday,0.28686327077747992,,,,,,,11370.645161290322,31,Very Active
2022484408,2016-04-15,11034,8.02999973297119,2525,1122,282,9,27,318,Friday,0.28342245989304815,,,,,,,11370.645161290322,31,Very Active
2022484408,2016-04-30,18387,12.9099998474121,2732,1043,361,23,13,397,Saturday,0.38063279002876316,,,,,,,11370.645161290322,31,Very Active
2022484408,2016-04-13,12024,8.5,2601,1100,292,5,43,340,Wednesday,0.30909090909090908,,,,,,,11370.645161290322,31,Very Active
2022484408,2016-05-06,10227,7.17999982833862,2498,1104,295,17,24,336,Friday,0.30434782608695654,,,,,,,11370.645161290322,31,Very Active
2022484408,2016-05-11,13272,9.31999969482422,2544,1133,224,25,58,307,Wednesday,0.27096204766107679,,,,,,,11370.645161290322,31,Very Active
1503960366,2016-04-14,10460,6.73999977111816,1776,1218,181,11,30,222,Thursday,0.18226600985221675,,,,,,,12116.741935483869,31,Very Active
1503960366,2016-04-18,13019,8.59000015258789,1921,1149,233,16,42,291,Monday,0.25326370757180156,,,,,,,12116.741935483869,31,Very Active
1503960366,2016-04-22,12764,8.13000011444092,1827,1217,130,27,66,223,Friday,0.18323746918652423,,,,,,,12116.741935483869,31,Very Active
1503960366,2016-04-27,18134,12.210000038147,2159,1108,243,11,78,332,Wednesday,0.29963898916967507,,,,,,,12116.741935483869,31,Very Active
1503960366,2016-05-04,11100,7.15000009536743,1819,1179,203,22,36,261,Wednesday,0.22137404580152673,,,,,,,12116.741935483869,31,Very Active
8053475328,2016-05-11,12209,9.39999961853027,2809,1189,184,7,60,251,Wednesday,0.2111017661900757,,,,,,,14763.290322580646,31,Very Active
8053475328,2016-04-14,20159,15.9700002670288,3411,1123,193,5,119,317,Thursday,0.28227960819234194,,,,,,,14763.290322580646,31,Very Active
8053475328,2016-04-22,10520,8.28999996185303,2655,1260,117,3,60,180,Friday,0.14285714285714285,,,,,,,14763.290322580646,31,Very Active
8053475328,2016-05-02,1969,1.42999994754791,1988,1345,95,0,0,95,Monday,0.070631970260223054,,,,,,,14763.290322580646,31,Very Active
8053475328,2016-05-03,15484,11.8999996185303,3023,1166,165,22,87,274,Tuesday,0.23499142367066894,,,,,,,14763.290322580646,31,Very Active
8053475328,2016-05-05,14990,11.5100002288818,2950,1208,130,9,93,232,Thursday,0.19205298013245034,,,,,,,14763.290322580646,31,Very Active
8053475328,2016-05-10,14810,11.3599996566772,2926,1219,115,10,96,221,Tuesday,0.18129614438063987,,,,,,,14763.290322580646,31,Very Active
8053475328,2016-04-19,15929,12.4799995422363,3114,1152,191,7,90,288,Tuesday,0.25,,,,,,,14763.290322580646,31,Very Active
8053475328,2016-04-25,20500,15.6899995803833,3403,1104,209,9,118,336,Monday,0.30434782608695654,,,,,,,14763.290322580646,31,Very Active
8053475328,2016-04-26,12685,9.61999988555908,2846,1182,185,5,68,258,Tuesday,0.21827411167512689,,,,,,,14763.290322580646,31,Very Active
8053475328,2016-05-06,13953,11.0,2859,1245,90,15,90,195,Friday,0.15662650602409639,,,,,,,14763.290322580646,31,Very Active
8053475328,2016-04-13,16433,13.3500003814697,3140,1177,156,12,95,263,Wednesday,0.22344944774851316,,,,,,,14763.290322580646,31,Very Active
8053475328,2016-04-18,17076,12.6599998474121,3133,1137,195,6,102,303,Monday,0.26649076517150394,,,,,,,14763.290322580646,31,Very Active
8053475328,2016-04-12,18060,14.1199998855591,3186,1193,123,8,116,247,Tuesday,0.20704107292539817,,,,,,,14763.290322580646,31,Very Active
8053475328,2016-04-29,12315,9.64999961853027,2794,1215,159,8,58,225,Friday,0.18518518518518517,,,,,,,14763.290322580646,31,Very Active
8053475328,2016-04-28,15447,12.3999996185303,3062,1188,153,9,90,252,Thursday,0.21212121212121213,,,,,,,14763.290322580646,31,Very Active
8053475328,2016-05-04,14581,11.1499996185303,2918,1220,123,8,89,220,Wednesday,0.18032786885245902,,,,,,,14763.290322580646,31,Very Active
8053475328,2016-05-08,22026,17.6499996185303,3589,1073,228,14,125,367,Sunday,0.34203168685927304,,,,,,,14763.290322580646,31,Very Active
8053475328,2016-04-17,18827,13.6899995803833,3213,1113,195,21,111,327,Sunday,0.29380053908355797,,,,,,,14763.290322580646,31,Very Active
8053475328,2016-05-09,12465,9.38000011444092,2765,1214,148,12,66,226,Monday,0.18616144975288304,,,,,,,14763.290322580646,31,Very Active
8053475328,2016-04-30,7135,5.59000015258789,2408,1281,131,1,27,159,Saturday,0.12412177985948478,,,,,,,14763.290322580646,31,Very Active
8053475328,2016-05-01,1170,0.850000023841858,1886,1389,51,0,0,51,Sunday,0.0367170626349892,,,,,,,14763.290322580646,31,Very Active
8053475328,2016-04-27,12422,9.81999969482422,2852,1187,183,10,60,253,Wednesday,0.21314237573715247,,,,,,,14763.290322580646,31,Very Active
8053475328,2016-04-16,14549,11.1099996566772,2867,1255,83,6,96,185,Saturday,0.14741035856573706,,,,,,,14763.290322580646,31,Very Active
8053475328,2016-04-24,22988,17.9500007629395,3577,1096,182,33,129,344,Sunday,0.31386861313868614,,,,,,,14763.290322580646,31,Very Active
8053475328,2016-04-21,16057,12.5100002288818,3103,1164,170,6,100,276,Thursday,0.23711340206185566,,,,,,,14763.290322580646,31,Very Active
8053475328,2016-04-15,20669,16.2399997711182,3410,1142,158,8,132,298,Friday,0.26094570928196148,,,,,,,14763.290322580646,31,Very Active
8877689391,2016-04-23,11200,7.42999982833862,3891,1032,300,6,102,408,Saturday,0.39534883720930231,,,,,,,16040.032258064517,31,Very Active
8877689391,2016-04-14,21129,18.9799995422363,3793,1061,298,13,68,379,Thursday,0.35721017907634306,,,,,,,16040.032258064517,31,Very Active
8877689391,2016-05-01,10930,8.31999969482422,2786,1226,166,12,36,214,Sunday,0.17455138662316477,,,,,,,16040.032258064517,31,Very Active
8877689391,2016-04-20,19948,18.1100006103516,3679,1123,225,19,73,317,Wednesday,0.28227960819234194,,,,,,,16040.032258064517,31,Very Active
8877689391,2016-04-28,14890,11.3000001907349,3060,1143,231,8,58,297,Thursday,0.25984251968503935,,,,,,,16040.032258064517,31,Very Active
8877689391,2016-04-22,18258,16.3099994659424,3427,1141,236,2,61,299,Friday,0.26205083260297984,,,,,,,16040.032258064517,31,Very Active
8877689391,2016-04-18,11423,8.67000007629395,2761,1215,191,5,29,225,Monday,0.18518518518518517,,,,,,,16040.032258064517,31,Very Active
8877689391,2016-04-27,23629,20.6499996185303,3808,1104,235,8,93,336,Wednesday,0.30434782608695654,,,,,,,16040.032258064517,31,Very Active
8877689391,2016-04-17,15118,8.86999988555908,3545,1060,307,15,58,380,Sunday,0.35849056603773582,,,,,,,16040.032258064517,31,Very Active
8877689391,2016-05-09,20226,18.25,3710,1131,217,19,73,309,Monday,0.27320954907161804,,,,,,,16040.032258064517,31,Very Active
8877689391,2016-05-08,10686,8.10999965667725,2847,1174,245,4,17,266,Sunday,0.22657580919931858,,,,,,,16040.032258064517,31,Very Active
8877689391,2016-04-25,12986,8.73999977111816,3802,1101,218,8,113,339,Monday,0.30790190735694822,,,,,,,16040.032258064517,31,Very Active
8877689391,2016-04-26,11101,8.43000030517578,2860,1157,258,3,22,283,Tuesday,0.24459809853068279,,,,,,,16040.032258064517,31,Very Active
8877689391,2016-04-19,18785,17.3999996185303,3676,1131,214,13,82,309,Tuesday,0.27320954907161804,,,,,,,16040.032258064517,31,Very Active
8877689391,2016-05-11,21420,19.5599994659424,3832,1127,213,12,88,313,Wednesday,0.27772848269742678,,,,,,,16040.032258064517,31,Very Active
8877689391,2016-04-21,19377,17.6200008392334,3659,1119,226,13,82,321,Thursday,0.28686327077747992,,,,,,,16040.032258064517,31,Very Active
8877689391,2016-04-30,27745,26.7199993133545,4398,1089,223,4,124,351,Saturday,0.32231404958677684,,,,,,,16040.032258064517,31,Very Active
8877689391,2016-05-05,14055,10.6700000762939,3052,1170,188,15,67,270,Thursday,0.23076923076923078,,,,,,,16040.032258064517,31,Very Active
8877689391,2016-04-29,9733,7.3899998664856,2698,1207,210,5,18,233,Friday,0.19304059652029826,,,,,,,16040.032258064517,31,Very Active
8877689391,2016-05-07,12332,8.13000011444092,4142,1036,271,28,105,404,Saturday,0.38996138996138996,,,,,,,16040.032258064517,31,Very Active
8877689391,2016-05-02,4790,3.64000010490417,2189,1335,105,0,0,105,Monday,0.078651685393258425,,,,,,,16040.032258064517,31,Very Active
8877689391,2016-04-13,15337,9.57999992370605,3566,1098,216,18,108,342,Wednesday,0.31147540983606559,,,,,,,16040.032258064517,31,Very Active
8877689391,2016-05-06,21727,19.3400001525879,4015,1095,232,17,96,345,Friday,0.31506849315068491,,,,,,,16040.032258064517,31,Very Active
8877689391,2016-05-10,10733,8.14999961853027,2832,1187,224,11,18,253,Tuesday,0.21314237573715247,,,,,,,16040.032258064517,31,Very Active
8877689391,2016-04-15,13422,7.17000007629395,3934,1052,281,1,106,388,Friday,0.36882129277566539,,,,,,,16040.032258064517,31,Very Active
8877689391,2016-05-03,10818,8.21000003814697,2817,1189,229,3,19,251,Tuesday,0.2111017661900757,,,,,,,16040.032258064517,31,Very Active
8877689391,2016-05-04,18193,16.2999992370605,3477,1154,212,8,66,286,Wednesday,0.24783362218370883,,,,,,,16040.032258064517,31,Very Active
8877689391,2016-04-12,23186,20.3999996185303,3921,1036,312,7,85,404,Tuesday,0.38996138996138996,,,,,,,16040.032258064517,31,Very Active
8877689391,2016-04-24,16674,15.7399997711182,3455,1148,227,1,64,292,Sunday,0.25435540069686413,,,,,,,16040.032258064517,31,Very Active